"id","contents","from_address_id","to_address_id"
"1","Sticky notes","8575","4635"
"2","Shears","8431","7641"
"3","Index cards","2107","3624"
"4","Glue stick","6954","3740"
"5","Trading cards","4530","5564"
"6","Fountain pen","2308","972"
"7","Trading cards","7870","7942"
"8","Ironing board","4572","8454"
"9","Fountain pen","8399","416"
"10","Colored cardstock","7325","8572"
"11","Fabric scissors","1358","7896"
"12","Ballpoint pen","1225","9797"
"13","Bows","3885","2780"
"14","Undisclosed","214","917"
"15","Fabric markers","2787","8242"
"16","Bookmark","2792","4919"
"17","Cotton balls","612","2834"
"18","Gift bags","8289","9198"
"19","Protractor","95","5515"
"20","Dustpan","6329","3976"
"21","Envelopes","5622","1956"
"22","Bows","7336","6493"
"23","Ribbon cutter","7425","5708"
"24","Stamps","1818","4723"
"25","Push pins","8451","3689"
"26","Pencil sharpener","3221","3820"
"27","Address labels","5889","9713"
"28","Jigsaw puzzle","7598","9911"
"29","Garbage bin","1440","7857"
"30","File organizers","7129","7485"
"31","Shears","1611","9401"
"32","Tissue paper","1921","2597"
"33","Mechanical pencil","9644","9802"
"34","Broom","3570","1756"
"35","Rollerball pen","953","2950"
"36","Postcard","1281","3520"
"37","Tracing paper","5115","4310"
"38","Mechanical eraser","3883","5513"
"39","Glitter","1349","3396"
"40","Puzzle book","7534","3635"
"41","Notebook","8975","7949"
"42","Stationery set","2913","7175"
"43","Feathers","8898","2882"
"44","Foam sheets","1561","9290"
"45","Bottle caps","7490","7138"
"46","Puzzle book","9155","5764"
"47","Pipe cleaners","8550","7198"
"48","Letter opener","7667","5694"
"49","Egg cartons","1417","7427"
"50","Rollerball pen","8755","3897"
"51","Whiteboard","9349","8151"
"52","Puzzle book","7406","1375"
"53","Cross-stitch kit","5803","5649"
"54","Ironing board","5017","5655"
"55","Postage stamps","7753","8666"
"56","Desk lamp","4655","2444"
"57","Ironing board","4051","7662"
"58","Wine corks","5174","2513"
"59","Poster","2934","9258"
"60","Embroidery floss","9317","6639"
"61","Envelop opener","1413","9389"
"62","Decorative paper","2039","7274"
"63","Crepe paper","784","18"
"64","Ribbon cutter","6568","3997"
"65","Embroidery hoop","9728","4906"
"66","Bulletin board","5495","5553"
"67","Broom","5696","8854"
"68","Glitter","8197","6046"
"69","Beads","3653","570"
"70","Ziplock bags","2240","4808"
"71","Book","8449","9852"
"72","Cotton balls","7113","4763"
"73","Packing peanuts","1462","3064"
"74","Trash bags","1303","9962"
"75","Buttons","4670","8462"
"76","Laundry detergent","3724","8520"
"77","Glitter glue","1887","9832"
"78","Shears","9897","125"
"79","USB drive","9380","1617"
"80","Satin ribbons","2488","6164"
"81","Sticky notes","6350","8393"
"82","Packing peanuts","3748","1905"
"83","Writing desk","6498","379"
"84","Glitter","239","6581"
"85","Sandpaper","8607","4893"
"86","USB drive","4082","1298"
"87","Aluminum foil","7479","9239"
"88","Fabric scissors","1387","4479"
"89","Drawing paper","5152","2587"
"90","Bubble wrap","2753","5076"
"91","Storage boxes","4387","7947"
"92","Card game","5283","8476"
"93","Book","8501","4457"
"94","CD","1599","8160"
"95","Label maker","2034","4535"
"96","Crochet hooks","6774","1116"
"97","Storage boxes","3323","7163"
"98","Fabric scissors","3280","7985"
"99","Postage meter","14","7760"
"100","Scrapbooking materials","2424","5718"
